{
	"height" : 1080,
	"intrinsic_matrix" : 
	[
		935.30743608719376,
		0.0,
		0.0,
		0.0,
		935.30743608719376,
		0.0,
		959.5,
		539.5,
		1.0
	],
	"width" : 1920
}